https://cdn.modrinth.com/data/zV5r3pPn/icon.png,3d Skin Layers,https://modrinth.com/mod/zV5r3pPn
https://cdn.modrinth.com/data/9NM0dXub/98833142426918eaa5d722a0134d760b929f3303.png,Advancement Plaques,https://modrinth.com/mod/9NM0dXub
https://cdn.modrinth.com/data/UVHxud51/a99f62ff145e8085d483c8b330016b65ac9e9723.png,Allow Portal GUIs,https://modrinth.com/mod/UVHxud51
https://cdn.modrinth.com/data/ENWn9izD/icon.png,Alternative World Save Location,https://modrinth.com/mod/ENWn9izD
https://cdn.modrinth.com/data/fM515JnW/icon.png,AmbientSounds,https://modrinth.com/mod/fM515JnW
https://cdn.modrinth.com/data/Jw3Wx1KR/icon.png,AntiGhost,https://modrinth.com/mod/Jw3Wx1KR
https://cdn.modrinth.com/data/EsAfCjCV/icon.png,AppleSkin,https://modrinth.com/mod/EsAfCjCV
https://cdn.modrinth.com/data/lhGA9TYQ/icon.png,Architectury,https://modrinth.com/mod/lhGA9TYQ
https://cdn.modrinth.com/data/FlC9CXUY/30c6137783e10902e64fe801bd3bae9f46af0177.png,Armor Stands,https://modrinth.com/mod/FlC9CXUY
https://cdn.modrinth.com/data/Q8xUICr6/c93f0bf8ae25d396079745ecc4f377706ef84533.png,Ash API,https://modrinth.com/mod/Q8xUICr6
https://media.forgecdn.net/avatars/396/565/637596435603526919.png,Axolotl Item Fix,https://www.curseforge.com/projects/495453
https://cdn.modrinth.com/data/ftdbN0KK/icon.png,Bad Packets,https://modrinth.com/mod/ftdbN0KK
https://raw.githubusercontent.com/modrinth/knossos/5ea71da1814b1c917e1238630408eca2f1d191e4/assets/images/logo.svg,BadOptimizations,https://modrinth.com/mod/g96Z4WVZ
https://cdn.modrinth.com/data/MBAkmtvl/icon.png,Balm,https://modrinth.com/mod/MBAkmtvl
https://cdn.modrinth.com/data/5roWs6VO/icon.png,Bedrodium,https://modrinth.com/mod/5roWs6VO
https://cdn.modrinth.com/data/Q2OqKxDG/b1519a191e62135647f66394d526d179ab5b598d.png,Better Advancements,https://modrinth.com/mod/Q2OqKxDG
https://cdn.modrinth.com/data/kKwy3HU9/icon.png,Better Beds,https://modrinth.com/mod/kKwy3HU9
https://cdn.modrinth.com/data/kqJFAPU9/icon.png,Better Mount HUD,https://modrinth.com/mod/kqJFAPU9
https://cdn.modrinth.com/data/vWIaVOTE/icon.png,Better Recipe Book,https://modrinth.com/mod/vWIaVOTE
https://cdn.modrinth.com/data/JnrDtPAE/icon.png,Better Runtime Resource Pack (BRRP) v1,https://modrinth.com/mod/JnrDtPAE
https://cdn.modrinth.com/data/n6PXGAoM/icon.png,Better Statistics Screen,https://modrinth.com/mod/n6PXGAoM
https://cdn.modrinth.com/data/WMoUFmXc/05a7785f3b0c3d50908d696cead3b2260e9de4be.png,Better Trim Tooltips,https://modrinth.com/mod/WMoUFmXc
https://cdn.modrinth.com//data/8shC1gFX/icon.png,BetterF3,https://modrinth.com/mod/8shC1gFX
https://cdn.modrinth.com/data/6N4iGk9g/faaec79f976b445d29f779609eab8b35567b8acf.jpeg,BlameLog,https://modrinth.com/mod/6N4iGk9g
https://cdn.modrinth.com/data/NK39zBp2/icon.png,Blur (Fabric),https://modrinth.com/mod/NK39zBp2
https://cdn.modrinth.com/data/uy4Cnpcm/002e73d916fb63c9c85e212ac47fde4ef9c4a65f.png,Bookshelf,https://modrinth.com/mod/uy4Cnpcm
https://cdn.modrinth.com/data/kYq5qkSL/icon.png,Borderless Mining,https://modrinth.com/mod/kYq5qkSL
https://cdn.modrinth.com/data/VT8gfivf/0079b6ec13f60018fe5441a0ceefcad0c89d48a5.gif,Cat Jammies,https://modrinth.com/mod/VT8gfivf
https://cdn.modrinth.com/data/Wb5oqrBJ/icon.png,Chat Heads,https://modrinth.com/mod/Wb5oqrBJ
https://cdn.modrinth.com/data/MOqt4Z5n/56c954dea290ef4dd1b0d6ea92a811acac62ca85.png,Chat Patches,https://modrinth.com/mod/MOqt4Z5n
https://cdn.modrinth.com/data/GO9EQa8a/icon.png,Chat Sounds,https://modrinth.com/mod/GO9EQa8a
https://cdn.modrinth.com/data/t5nvgP7I/9acf18eb413c6ae921523519a7345a85d4cedf1c.png,Chat Walk,https://modrinth.com/mod/t5nvgP7I
https://cdn.modrinth.com/data/DnNYdJsx/4154f54572a943b2b25ac9a1dd8c611a52dd7763.png,Chat Animation,https://modrinth.com/mod/DnNYdJsx
https://cdn.modrinth.com/data/3azQ6p0W/14d3a7430f4e834fc0a86d228c6e17e5b9b33a0a.png,Cherished Worlds,https://modrinth.com/mod/3azQ6p0W
https://cdn.modrinth.com/data/fgmhI8kH/76dd7230a35c12d4956985317ffd0c079d6a9148.jpeg,ChoiceTheorem's Overhauled Village,https://modrinth.com/mod/fgmhI8kH
https://cdn.modrinth.com/data/fALzjamp/icon.png,Chunky,https://modrinth.com/mod/fALzjamp
https://cdn.modrinth.com/data/otVJckYQ/icon.png,CIT Resewn,https://modrinth.com/mod/otVJckYQ
https://cdn.modrinth.com/data/yoJJjRRE/icon.png,Clear Despawn,https://modrinth.com/mod/yoJJjRRE
https://cdn.modrinth.com/data/352e8RKg/c3482c212eb0f8901d1ba24584fe87c8026ff32c.png,Client Functions,https://modrinth.com/mod/352e8RKg
https://cdn.modrinth.com/data/6NZYNcOV/cc2a2bad8d0d7c7333af00f82ca7e8c80c159359.png,Client Paintings,https://modrinth.com/mod/6NZYNcOV
https://cdn.modrinth.com/data/vPNqo58Q/78a0ae61d366c770fd2c19dab595a045a2d0c106.png,Client Tweaks,https://modrinth.com/mod/vPNqo58Q
https://cdn.modrinth.com/data/9s6osm5g/icon.png,Cloth Config API,https://modrinth.com/mod/9s6osm5g
https://cdn.modrinth.com/data/Wnxd13zP/e723aa383ad7161a541242097e1d3223f582b967.gif,Clumps,https://modrinth.com/mod/Wnxd13zP
https://cdn.modrinth.com/data/e0M1UDsY/icon.png,Collective,https://modrinth.com/mod/e0M1UDsY
https://cdn.modrinth.com/data/Di6KteGa/icon.png,Colorful Anvils,https://modrinth.com/mod/Di6KteGa
https://cdn.modrinth.com/data/jvD1YGIh/icon.png,Colour My Servers,https://modrinth.com/mod/jvD1YGIh
https://cdn.modrinth.com/data/IDOSfa6c/icon.png,Command Block IDE,https://modrinth.com/mod/IDOSfa6c
https://cdn.modrinth.com/data/HIuqnQpi/f59515ec3eeeaa5cdca7421e55150dca4fb20b93.png,Common Network,https://modrinth.com/mod/HIuqnQpi
https://cdn.modrinth.com/data/XdiGl7ZL/icon.png,Compact Help Command,https://modrinth.com/mod/XdiGl7ZL
https://cdn.modrinth.com/data/VSNURh3q/icon.png,Concurrent Chunk Management Engine,https://modrinth.com/mod/VSNURh3q
https://cdn.modrinth.com/data/quToUcuJ/51a303cbd15c05955212388e48759dcd75eb37b7.png,Container Search,https://modrinth.com/mod/quToUcuJ
https://cdn.modrinth.com/data/1IjD5062/icon.png,Continuity,https://modrinth.com/mod/1IjD5062
https://cdn.modrinth.com/data/xv94TkTM/d0ae59393a10daa261905091329e56bf8a69c38a.png,Controlling For Fabric,https://modrinth.com/mod/xv94TkTM
https://cdn.modrinth.com/data/JrIYhb1P/icon.png,Cosmetic Armor,https://modrinth.com/mod/JrIYhb1P
https://cdn.modrinth.com/data/s9hF9QGp/e954c4883e72f95d8e799d167171cde74b059b51.gif,Cosmetica,https://modrinth.com/mod/s9hF9QGp
https://cdn.modrinth.com/data/DMu0oBKf/9f2a32d53d372659e464fd18be6d6c0ba2035b0d.png,Crafting Tweaks,https://modrinth.com/mod/DMu0oBKf
https://cdn.modrinth.com/data/Nn8Wasaq/a172c634683a11a2e9ae593e56eba7885743bb44.png,CraterLib,https://modrinth.com/mod/Nn8Wasaq
https://cdn.modrinth.com/data/OsZiaDHq/icon.png,CreativeCore,https://modrinth.com/mod/OsZiaDHq
https://cdn.modrinth.com/data/GNxdLCoP/icon.png,Cull Leaves (Quilt),https://modrinth.com/mod/GNxdLCoP
https://cdn.modrinth.com/data/CYGkXnUb/331a250e9df700593581255c01db8022cd0596ed.png,Custom Biome Saplings,https://modrinth.com/mod/CYGkXnUb
https://cdn.modrinth.com/data/DmGjBcdD/fc07aa0085061439a90421d825b3345b9a556c9f.png,DaFlightPorted,https://modrinth.com/mod/DmGjBcdD
https://cdn.modrinth.com/data/WNdd2blX/06babcd20d022c3b79d39f4dd7439f2c3d14f63c.png,Death Knell,https://modrinth.com/mod/WNdd2blX
https://cdn.modrinth.com/data/TPAYeAOc/9a73d65c323045ade58268746f784c3f46574f42.png,DeathLog,https://modrinth.com/mod/TPAYeAOc
https://cdn.modrinth.com/data/hAt6ty93/icon.png,Detail Armor Bar,https://modrinth.com/mod/hAt6ty93
https://cdn.modrinth.com/data/HdwRs3kc/icon.png,Disable Custom Worlds Advice,https://modrinth.com/mod/HdwRs3kc
https://cdn.modrinth.com/data/T8MMXTpr/icon.png,Drip Sounds,https://modrinth.com/mod/T8MMXTpr
https://cdn.modrinth.com/data/v3CYg2V9/819ef4e386c8dcd5bd4f5a00bb365d4aeaa28679.png,Drippy Loading Screen,https://modrinth.com/mod/v3CYg2V9
https://cdn.modrinth.com/data/na1dL51S/e33af1a740a12f4abfa50e0df835c118f8ddb546.png,Durability Plus,https://modrinth.com/mod/na1dL51S
https://cdn.modrinth.com/data/5mFDTffy/icon.png,Dyed,https://modrinth.com/mod/5mFDTffy
https://cdn.modrinth.com/data/ZcR9weSm/8da8af58ca961f937bd05d41dcefa26be7b5c182.png,Dynamic Crosshair,https://modrinth.com/mod/ZcR9weSm
https://cdn.modrinth.com/data/EwPIWPJ9/icon.png,Dynamic Crosshair Compat,https://modrinth.com/mod/EwPIWPJ9
https://cdn.modrinth.com/data/LQ3K71Q1/icon.png,Dynamic FPS,https://modrinth.com/mod/LQ3K71Q1
https://cdn.modrinth.com/data/mfzaZK3Z/icon.png,Ears,https://modrinth.com/mod/mfzaZK3Z
https://cdn.modrinth.com//data/rUgZvGzi/icon.gif,Eating Animation,https://modrinth.com/mod/rUgZvGzi
https://cdn.modrinth.com/data/qc0LobOe/5ce7d75c0d8c31dd8aba0671354029914e34bfd2.png,Effect Tooltips,https://modrinth.com/mod/qc0LobOe
https://cdn.modrinth.com/data/tyANotOf/59281e8b8d703522e4d052bde3164e4426e68711.png,emogg,https://modrinth.com/mod/tyANotOf
https://cdn.modrinth.com/data/pZ2wrerK/icon.png,Emotecraft,https://modrinth.com/mod/pZ2wrerK
https://cdn.modrinth.com/data/YHdR6hMt/icon.png,Enchantment Lore,https://modrinth.com/mod/YHdR6hMt
https://cdn.modrinth.com/data/UVtY3ZAC/d02779c67047e42cbc7893577cb9fb8865c785ab.png,Enchantment Descriptions,https://modrinth.com/mod/UVtY3ZAC
https://cdn.modrinth.com/data/OVuFYfre/icon.png,Enhanced Block Entities,https://modrinth.com/mod/OVuFYfre
https://cdn.modrinth.com/data/4I1XuqiY/5e127e83e3b55e3cebf32e3e8b355296ea62d87d.png,Entity Model Features,https://modrinth.com/mod/4I1XuqiY
https://cdn.modrinth.com/data/BVzZfTc1/4a9fe8d33f8dcc4a61abf23919d9c04871f41937.png,Entity Texture Features,https://modrinth.com/mod/BVzZfTc1
https://cdn.modrinth.com/data/ihnBJ6on/icon.png,Entity View Distance,https://modrinth.com/mod/ihnBJ6on
https://cdn.modrinth.com/data/NNAgCjsB/icon.png,Entity Culling,https://modrinth.com/mod/NNAgCjsB
https://cdn.modrinth.com/data/lr5YSsF9/a55a56ee0d830b7702265e8127b73b402813a23f.png,F3+T Everywhere,https://modrinth.com/mod/lr5YSsF9
https://cdn.modrinth.com/data/YBz7DOs8/icon.png,FabricSkyBoxes,https://modrinth.com/mod/YBz7DOs8
https://cdn.modrinth.com/data/3qsfQtE9/icon.png,Fabrishot,https://modrinth.com/mod/3qsfQtE9
https://cdn.modrinth.com/data/WhbRG4iK/icon.gif,Falling Leaves,https://modrinth.com/mod/WhbRG4iK
https://cdn.modrinth.com/data/Wq5SjeWM/7e921c938bffdfbad39f7f4ab5a4db227a418ac1.png,FancyMenu,https://modrinth.com/mod/Wq5SjeWM
https://cdn.modrinth.com/data/OjbSENEi/0e085d4a41cd3a00b4b017aa62927be1fd3782a1.png,Fast Doll,https://modrinth.com/mod/OjbSENEi
https://cdn.modrinth.com/data/9mtu0sUO/dca186a8a57d45ad06e88de6cfc45d4cc4c6a0ba.png,Fast IP Ping,https://modrinth.com/mod/9mtu0sUO
https://cdn.modrinth.com/data/HTSaaFuA/824f3104aa72f1c48ad6841b0f721ed44bc2820b.png,Fast Portals,https://modrinth.com/mod/HTSaaFuA
https://cdn.modrinth.com/data/yHf7SALy/icon.png,FastAnim,https://modrinth.com/mod/yHf7SALy
https://cdn.modrinth.com/data/Wa72oW2W/397ab71a5dc65eb1dd1b3b89bb086de561f52a5d.png,FeyTweaks,https://modrinth.com/mod/Wa72oW2W
https://cdn.modrinth.com/data/Ppny3rjF/icon.png,First Join Message,https://modrinth.com/mod/Ppny3rjF
https://cdn.modrinth.com/data/WuGVWUF2/47e2f963c136689d4c824eb4f2d43531fb42035f.png,FogLooksGoodNow,https://modrinth.com/mod/WuGVWUF2
https://cdn.modrinth.com/data/ohNO6lps/73070dfd2940f1c25d1a18f6d5158f79e9d798ec.png,Forge Config API Port,https://modrinth.com/mod/ohNO6lps
https://cdn.modrinth.com/data/J1ueTDcI/icon.png,FuelInfo,https://modrinth.com/mod/J1ueTDcI
https://cdn.modrinth.com/data/HBDcoObw/7c9f0434d58c670ed0eee96968df7d207654d385.png,gatekeep,https://modrinth.com/mod/HBDcoObw
https://cdn.modrinth.com/data/NRLPy2mk/icon.png,Global Packs,https://modrinth.com/mod/NRLPy2mk
https://cdn.modrinth.com/data/W4Ajthd2/3247a9c9c4e33585271e54b5ec29073b4dcc15f7.png,Harvest with ease,https://modrinth.com/mod/W4Ajthd2
https://cdn.modrinth.com/data/cVNW5lr6/11fd9f6032269223bdbec39c40fdc6e6f54b170e.png,Highlighter,https://modrinth.com/mod/cVNW5lr6
https://cdn.modrinth.com/data/nbkDyHgy/a1a85256186fc72305c5953f1c96d27e1bcf08b7.jpg,HitBox+,https://modrinth.com/mod/nbkDyHgy
https://cdn.modrinth.com/data/LXJlc5WJ/icon.png,Hold That Chunk,https://modrinth.com/mod/LXJlc5WJ
https://cdn.modrinth.com/data/l4qoXLzx/icon.png,Horse Stats Vanilla,https://modrinth.com/mod/l4qoXLzx
https://cdn.modrinth.com/data/5faXoLqX/fadafde0faf68b37947c8df97ba4e5a6725f4b6a.png,Iceberg,https://modrinth.com/mod/5faXoLqX
https://cdn.modrinth.com/data/5ZwdcRci/8335dd505094a79b4ad306935b10f724e2b76d8b.png,ImmediatelyFast,https://modrinth.com/mod/5ZwdcRci
https://cdn.modrinth.com/data/CVBAErky/icon.jpeg,Immersive Structures,https://modrinth.com/mod/CVBAErky
https://cdn.modrinth.com/data/uKjKoMsj/10569140c4e5f74a43c0eb5af0c1fe3b279c7274.png,Immersive Thunder,https://modrinth.com/mod/uKjKoMsj
https://cdn.modrinth.com/data/Orvt0mRa/icon.png,Indium,https://modrinth.com/mod/Orvt0mRa
https://cdn.modrinth.com/data/a93H3mKU/icon.png,Inspecio,https://modrinth.com/mod/a93H3mKU
https://cdn.modrinth.com/data/Boon8xwi/469cace78935b118f2c713b44ca9e85efcb42c39.png,Inventory Essentials,https://modrinth.com/mod/Boon8xwi
https://media.forgecdn.net/avatars/245/612/637152714912784543.png,Inventory HUD +,https://www.curseforge.com/projects/357540
https://cdn.modrinth.com/data/5ibSyLAz/5590c9168b256a538bcc7704f2984b7ee29f9c1b.png,Inventory Sorter,https://modrinth.com/mod/5ibSyLAz
https://cdn.modrinth.com/data/YL57xq9U/dc558eece920db435f9823ce86de0c4cde89800b.png,Iris,https://modrinth.com/mod/YL57xq9U
https://cdn.modrinth.com/data/b1fMg6sH/8d57c0d614101a1ebaa9c6cebb90bd1940fb1083.png,Item Borders,https://modrinth.com/mod/b1fMg6sH
https://cdn.modrinth.com/data/RPOSBQgq/2ab4614cc4288baa911be0365cd22203e75b9233.png,ItemSwapper,https://modrinth.com/mod/RPOSBQgq
https://cdn.modrinth.com//data/nvQzSEkH/icon.png,Jade,https://modrinth.com/mod/nvQzSEkH
https://cdn.modrinth.com/data/4HeIHvIP/icon.png,Jump Over Fences,https://modrinth.com/mod/4HeIHvIP
https://cdn.modrinth.com/data/9Pk89J3g/86043395c6a9e34380d3604e0c9cbbebc23b0b7a.png,Just Enough Breeding,https://modrinth.com/mod/9Pk89J3g
https://cdn.modrinth.com/data/EO27GKs1/8523cbeae55e8b83e076ff22c819f2b1a958684e.png,Just Enough Effects Descriptions,https://modrinth.com/mod/EO27GKs1
https://cdn.modrinth.com/data/u6dRKJwZ/565c44deeac2a38cbb6c600b5e002fac59572b88.png,Just Enough Items,https://modrinth.com/mod/u6dRKJwZ
https://media.forgecdn.net/avatars/455/320/637724100545735333.png,Just Enough Painting Previews,https://www.curseforge.com/projects/546740
https://cdn.modrinth.com/data/kB56GtWA/icon.png,Just Enough Professions (JEP),https://modrinth.com/mod/kB56GtWA
https://cdn.modrinth.com/data/vuWNr14n/5a813972e4304fce50a348a541688f7c52c89bfa.png,Keybind Fix,https://modrinth.com/mod/vuWNr14n
https://cdn.modrinth.com/data/J81TRJWm/d99a9dc29e74c051964aba1d36d122facea4eb17.png,Konkrete,https://modrinth.com/mod/J81TRJWm
https://cdn.modrinth.com/data/fQEb0iXm/icon.png,Krypton,https://modrinth.com/mod/fQEb0iXm
https://cdn.modrinth.com/data/2ecVyZ49/icon.png,Ksyxis,https://modrinth.com/mod/2ecVyZ49
https://cdn.modrinth.com/data/2Uev7LdA/icon.png,LambdaBetterGrass,https://modrinth.com/mod/lambdabettergrass
https://cdn.modrinth.com/data/yBW8D80W/icon.png,LambDynamicLights,https://modrinth.com/mod/yBW8D80W
https://cdn.modrinth.com/data/RTWpcTBp/ea739bb0ea7e3f9c62b259656aed65ddb3093659.jpeg,LAN World Plug-n-Play,https://modrinth.com/mod/RTWpcTBp
https://cdn.modrinth.com/data/uLbm7CG6/9cae8ec18cac3b1cc6ef1efa239f381d669264e6.png,Language Reload,https://modrinth.com/mod/uLbm7CG6
https://cdn.modrinth.com/data/hvFnDODi/icon.png,LazyDFU,https://modrinth.com/mod/hvFnDODi
https://cdn.modrinth.com/data/gK9mebQg/7c1e2595b5debbe94f6c5a307ce8182c8041df1e.png,Leave My Bars Alone,https://modrinth.com/mod/gK9mebQg
https://cdn.modrinth.com/data/trJAIZhE/3378a262b1c28f61318c51783c73a951997ab234.png,LevelTextFix,https://modrinth.com/mod/trJAIZhE
https://cdn.modrinth.com/data/onSQdWhM/5f9116f2d79dd5767fd936f1786262b54edac0ec.png,libIPN,https://modrinth.com/mod/onSQdWhM
https://cdn.modrinth.com/data/WKwQAwke/icon.png,LibJF,https://modrinth.com/mod/WKwQAwke
https://cdn.modrinth.com/data/Rtp2Lyr5/f480c3c71419038505ffa0694917ee79742f4f14.png,LiLaC,https://modrinth.com/mod/Rtp2Lyr5
https://cdn.modrinth.com/data/gvQqBUqZ/icon.png,Lithium,https://modrinth.com/mod/gvQqBUqZ
https://cdn.modrinth.com/data/9ON3zv6e/icon.png,Log Begone,https://modrinth.com/mod/9ON3zv6e
https://cdn.modrinth.com/data/hwRo6mwQ/797f2ec51b4007295b0ddc47f0b6d464301e996e.png,Log Cleaner,https://modrinth.com/mod/hwRo6mwQ
https://cdn.modrinth.com/data/gPCdW0Wr/4616c50230e3e716f02127a0e74f250470a07e85.png,Make Bubbles Pop Mod,https://modrinth.com/mod/gPCdW0Wr
https://cdn.modrinth.com/data/mH8wdmqr/a5677657f704524ced7bf0699ddf734c191ac423.gif,Max Health Fix,https://modrinth.com/mod/mH8wdmqr
https://cdn.modrinth.com/data/NRjRiSSD/icon.png,Memory Leak Fix,https://modrinth.com/mod/NRjRiSSD
https://cdn.modrinth.com/data/n9mFA0ax/icon.png,Memory Usage Screen,https://modrinth.com/mod/n9mFA0ax
https://cdn.modrinth.com/data/pkI4SefA/8575ffd656c2fd24b31f5ae72bd4565cea4b319e.png,Methane,https://modrinth.com/mod/pkI4SefA
https://cdn.modrinth.com/data/bXX9h73M/icon.svg,MidnightControls,https://modrinth.com/mod/bXX9h73M
https://cdn.modrinth.com/data/SNVQ2c0g/7c4dc40710a66e05461160f40ec099fc9d9d05a4.png,Mineblock's Repeated Utilities,https://modrinth.com/mod/SNVQ2c0g
https://cdn.modrinth.com/data/sGmHWmeL/icon.png,MixinTrace,https://modrinth.com/mod/sGmHWmeL
https://cdn.modrinth.com/data/xAGJ6rQS/132172afa2889c05106ef61cfc2bad3a06d4ce13.png,Mod Loading Screen,https://modrinth.com/mod/xAGJ6rQS
https://cdn.modrinth.com/data/mOgUt4GM/icon.png,Mod Menu,https://modrinth.com/mod/mOgUt4GM
https://cdn.modrinth.com/data/QdG47OkI/5a8203e120985d11616614e11ad7b888997000d8.png,Model Gap Fix,https://modrinth.com/mod/QdG47OkI
https://cdn.modrinth.com/data/nmDcB62a/e1d2433476995be1b1a94ff1afaf6167752274ae.png,ModernFix,https://modrinth.com/mod/nmDcB62a
https://cdn.modrinth.com/data/rQszQPD2/e4b204abb946cc4c59b8470ffb7dccbe5cb63699.png,ModernKeyBinding,https://modrinth.com/mod/rQszQPD2
https://cdn.modrinth.com/data/rR4tY6Cw/e0c0e59105bfc83aca5e180ffb5f14dd355ee947.png,Modpack Update Checker,https://modrinth.com/mod/rR4tY6Cw
https://cdn.modrinth.com/data/N2XKPu4u/8ef599a0a727c998f23d184ba04c00dc867ad5da.png,More Bee info ,https://modrinth.com/mod/N2XKPu4u
https://cdn.modrinth.com/data/51shyZVL/icon.png,More Culling,https://modrinth.com/mod/51shyZVL
https://cdn.modrinth.com/data/LM0kAHd5/dfd434171659bc1671351bd5d9468701b4b7d9a3.png,More Stats,https://modrinth.com/mod/LM0kAHd5
https://cdn.modrinth.com/data/HFlxNpln/icon.png,MoreMcmeta,https://modrinth.com/mod/HFlxNpln
https://cdn.modrinth.com/data/aC3cM3Vq/icon.jpg,Mouse Tweaks,https://modrinth.com/mod/aC3cM3Vq
https://cdn.modrinth.com/data/nPZr02ET/icon.png,NetherPortalFix,https://modrinth.com/mod/nPZr02ET
https://cdn.modrinth.com/data/j2cIyDv4/33ace27ac73848f4dd89eeff5e4cc83d0cc2a6b7.png,No Night Vision Flickering,https://modrinth.com/mod/j2cIyDv4
https://cdn.modrinth.com/data/MPCX6s5C/icon.png,NotEnoughAnimations,https://modrinth.com/mod/MPCX6s5C
https://cdn.modrinth.com/data/ko8Qabo1/20c8e6917a98edb6eba063fdfb6137d0063c86f3.png,Notes,https://modrinth.com/mod/ko8Qabo1
https://cdn.modrinth.com/data/Kw7Sm3Xf/b86a40b50af0f32dbe4431bc7c865487bfca7b65.png,Noxesium,https://modrinth.com/mod/Kw7Sm3Xf
https://cdn.modrinth.com/data/XLd8Sh64/2fe4ae7cde1eab88aee764275486eb79e83f9862.png,Numeral Ping,https://modrinth.com/mod/XLd8Sh64
https://cdn.modrinth.com/data/JuksLGBQ/2ec739011e612256ebe0c79a4ce064d0e453dd0f.png,OptiGUI,https://modrinth.com/mod/JuksLGBQ
https://cdn.modrinth.com/data/DnyS3EEW/e3e04a5d1a4cd98a9288fc1e9a3ea6ca3371e8d6.png,Options Profiles,https://modrinth.com/mod/DnyS3EEW
https://cdn.modrinth.com/data/ccKDOlHs/icon.png,oÏ‰o,https://modrinth.com/mod/ccKDOlHs
https://cdn.modrinth.com/data/TnOXNf5e/d8a1b61534812378a69d5b6d7b7393998a6d1f44.png,Peek,https://modrinth.com/mod/TnOXNf5e
https://cdn.modrinth.com/data/QQXAdCzh/7674cb2cf2241f981e985af91bdf24209c56b024.png,Ping Wheel,https://modrinth.com/mod/QQXAdCzh
https://cdn.modrinth.com/data/Aj1EfTaU/75b2ff399133233e8b7446d205cee3f514e51eb7.png,Playlist,https://modrinth.com/mod/Aj1EfTaU
https://cdn.modrinth.com/data/5km6gS6P/856c44060b5570eb1278c1ac18bc9b2db10754ea.png,Postmortal Particles,https://modrinth.com/mod/5km6gS6P
https://cdn.modrinth.com/data/rcTfTZr3/icon.png,Presence Footsteps,https://modrinth.com/mod/rcTfTZr3
https://cdn.modrinth.com/data/1OE8wbN0/fdaf0d78392ef6838c0fc05a6928f65394d31982.png,Prism,https://modrinth.com/mod/1OE8wbN0
https://cdn.modrinth.com/data/3IuO68q1/icon.png,Puzzle,https://modrinth.com/mod/3IuO68q1
https://cdn.modrinth.com/data/QAGBst4M/icon.png,Puzzles Lib,https://modrinth.com/mod/QAGBst4M
https://cdn.modrinth.com/data/lwVhp9o5/icon.png,Quilt Kotlin Libraries,https://modrinth.com/mod/lwVhp9o5
https://cdn.modrinth.com/data/T4Cf7c9y/48f5633152a2f68a17199581b80c1404f4ac25cc.png,Quilt Tag Plus,https://modrinth.com/mod/T4Cf7c9y
https://cdn.modrinth.com/data/qvIfYCYJ/icon.png,Quilted Fabric API,https://modrinth.com/mod/qvIfYCYJ
https://cdn.modrinth.com/data/nCQRBEiR/48ba74dbb6de2ab809250ce07ca504ef170b5aed.png,Raised,https://modrinth.com/mod/nCQRBEiR
https://cdn.modrinth.com/data/etNS9OnA/d7f614ae29c6d9dd90d715aaffae0b53ca0e4d80.jpeg,Recipe Book Is Pain,https://modrinth.com/mod/etNS9OnA
https://cdn.modrinth.com/data/Bh37bMuy/icon.png,Reese's Sodium Options,https://modrinth.com/mod/Bh37bMuy
https://cdn.modrinth.com/data/60PfR426/138639fcc3162341be3ce7571c7abf4dea06d3d9.png,Refined Advancements,https://modrinth.com/mod/60PfR426
https://cdn.modrinth.com/data/wtmnclgA/12f900e0d43d2a55b21d71a844b740b020a96db3.png,Reimagined Menus,https://modrinth.com/mod/wtmnclgA
https://cdn.modrinth.com/data/sk4iFZGy/d0e13cdf0cfafe8f206a4187ebc4666c25f6ab54.png,Remove Terralith Intro Message,https://modrinth.com/mod/sk4iFZGy
https://cdn.modrinth.com/data/vt4lfXNC/4a50f790bb5d617de4cafcae4f2443346e78044e.png,RepeaterSound,https://modrinth.com/mod/vt4lfXNC
https://cdn.modrinth.com/data/Nv2fQJo5/icon.png,Replay Mod,https://modrinth.com/mod/Nv2fQJo5
https://cdn.modrinth.com/data/1KHXVgOU/0f86c5a84dbc719a8b2cb5bf7849a84dbe18f103.png,Reply Mod,https://modrinth.com/mod/1KHXVgOU
https://cdn.modrinth.com/data/RLzHAoZe/ffe37fe404e7c71bd4af874c4c11da578b53021e.png,Resourcify,https://modrinth.com/mod/RLzHAoZe
https://cdn.modrinth.com/data/QSFEqmU6/ac10dffef142afa47febc5c4f0568c4e5a31d1ab.png,Restore chat links,https://modrinth.com/mod/QSFEqmU6
https://cdn.modrinth.com/data/kwS02byl/4ca19b43027b2ac0e1c9580e52aa9cf7fd674e28.png,Riding Mouse Fix,https://modrinth.com/mod/kwS02byl
https://cdn.modrinth.com/data/M8z7jPlu/6b60e720b100fd056edbd4a460f9d96310cc5810.png,ScreenFX,https://modrinth.com/mod/M8z7jPlu
https://cdn.modrinth.com/data/M0QvZmyL/b8063a5ef7de0ee3388403f423d45aa74b4182cb.png,Screenshot Settings,https://modrinth.com/mod/M0QvZmyL
https://cdn.modrinth.com/data/laNoi025/1bbd371a465710708ce253fad6f9f8e7c8e3e56e.png,Screenshot Viewer,https://modrinth.com/mod/laNoi025
https://cdn.modrinth.com/data/8HeIP46c/13f1a182c770e232d5aff33538b8123cb542ccd3.png,ScreenshotUploader,https://modrinth.com/mod/8HeIP46c
https://cdn.modrinth.com/data/fuuu3xnx/758f85f0828691410527e3df127453f43f8abd48.png,Searchables,https://modrinth.com/mod/fuuu3xnx
https://cdn.modrinth.com/data/L6HW4EbG/e6c3e66523a9f52621de534c5cdeb07ba2ccba23.png,Server Country Flags,https://modrinth.com/mod/L6HW4EbG
https://cdn.modrinth.com/data/iqK5uv72/c060f8af5120833b3758f953f3663d3efaa3ae06.png,Server Pinger Fixer,https://modrinth.com/mod/iqK5uv72
https://cdn.modrinth.com/data/YqkxTQEh/6b4ab53aa6c0b8a838bbd2b1995ab29de7a30c99.png,Server Redirect,https://modrinth.com/mod/YqkxTQEh
https://cdn.modrinth.com/data/fCpuZIcM/ec6a86438e38acd7d01c021378f1f46a59ae86e8.png,Server Resource Pack Checker,https://modrinth.com/mod/fCpuZIcM
https://cdn.modrinth.com/data/nEKRNLz9/icon.png,Server Tick,https://modrinth.com/mod/nEKRNLz9
https://cdn.modrinth.com/data/4WWQxlQP/icon.jpeg,ServerCore,https://modrinth.com/mod/4WWQxlQP
https://media.forgecdn.net/avatars/333/395/637466003002767380.png,Shift-Scroll Fix,https://www.curseforge.com/projects/437526
https://cdn.modrinth.com/data/houIxdGF/658e1e85d813a32bad243ec4dc220355274eeea2.png,Shut Up GL Error,https://modrinth.com/mod/houIxdGF
https://cdn.modrinth.com/data/Glp1bwYc/f0c443dec020c0d8fe7683e18c10cd5a763cd28b.png,Simple Fog Control,https://modrinth.com/mod/Glp1bwYc
https://cdn.modrinth.com/data/ObXSoyrn/bdcee1893ca0f5fc03c7faec6135f39faaed8705.png,Simple RPC,https://modrinth.com/mod/ObXSoyrn
https://cdn.modrinth.com/data/9eGKb6K1/icon.png,Simple Voice Chat,https://modrinth.com/mod/9eGKb6K1
https://cdn.modrinth.com/data/nKcekY2P/icon.png,Smoke Suppression,https://modrinth.com/mod/nKcekY2P
https://cdn.modrinth.com/data/ngOW5XvY/fec57cc07c504aed7790c41f156b3a66968ef3c6.png,Smooth Menu,https://modrinth.com/mod/ngOW5XvY
https://cdn.modrinth.com/data/AANobbMI/icon.png,Sodium,https://modrinth.com/mod/AANobbMI
https://cdn.modrinth.com/data/PtjYWJkn/icon.png,Sodium Extra,https://modrinth.com/mod/PtjYWJkn
https://cdn.modrinth.com/data/jmHEp0Dv/e878c9b874041bb29f0bdca380f332be74f234a1.png,Sorted Enchantments,https://modrinth.com/mod/jmHEp0Dv
https://cdn.modrinth.com/data/qyVF9oeo/798fbfae58ec95ad51f3e1d522b43227306c326c.png,Sound Physics Remastered,https://modrinth.com/mod/qyVF9oeo
https://cdn.modrinth.com/data/l6YH9Als/13676ddae142a85998c1c0086cafc30ce2efde80.png,spark,https://modrinth.com/mod/l6YH9Als
https://cdn.modrinth.com/data/xrdXfWii/icon.png,Spell Checker,https://modrinth.com/mod/xrdXfWii
https://cdn.modrinth.com/data/f7b8GSGW/6c2d1e381108b6e43dbad30c28b6c076f83a7601.png,Splashy,https://modrinth.com/mod/f7b8GSGW
https://cdn.modrinth.com/data/EdBSdqge/c3683238ee4b794847a1987dfe36feca07aca670.png,Spyglass Astronomy,https://modrinth.com/mod/EdBSdqge
https://cdn.modrinth.com/data/myL7fuqp/fdd133fadffab0354870fc4fdec95bc069a132c7.png,Staaaaaaaaaaaack,https://modrinth.com/mod/myL7fuqp
https://cdn.modrinth.com/data/x02cBj9Y/7ee93fac37512f4f04aa82f15deada7b2ca9269f.png,Status Effect Bars,https://modrinth.com/mod/x02cBj9Y
https://cdn.modrinth.com/data/BWloQ9jK/5038b0062081cc4af94eb4dcfdcd2615fa6cbf2f.png,Stendhal,https://modrinth.com/mod/BWloQ9jK
https://media.forgecdn.net/avatars/562/581/637916418629477919.png,Structory,https://www.curseforge.com/projects/636540
https://media.forgecdn.net/avatars/727/353/638080607378294267.png,Structory: Towers,https://www.curseforge.com/projects/783522
https://cdn.modrinth.com/data/doqSKB0e/bab343cc1b3e814755ace1a98c89e1ced8ae1a15.png,Styled Chat,https://modrinth.com/mod/doqSKB0e
https://cdn.modrinth.com/data/LTFmkF0X/4cba96d7194330f0f4d8aeabb4fd2d02f3815939.png,Subjectively Better Enchantment Tooltips,https://modrinth.com/mod/LTFmkF0X
https://cdn.modrinth.com/data/MBLj38R0/icon.png,Suggestion Tweaker,https://modrinth.com/mod/MBLj38R0
https://cdn.modrinth.com/data/BUpChT1v/icon.png,Talk Bubbles,https://modrinth.com/mod/BUpChT1v
https://cdn.modrinth.com/data/Eldc1g37/6f22161df67a6c9f9f215a6a9d7ca2092b3eab26.png,TCD Commons API,https://modrinth.com/mod/Eldc1g37
https://cdn.modrinth.com/data/lWDHr9jE/9459286c7225ed66c57201881c12e8d1bb8fd2ce.png,Tectonic,https://modrinth.com/mod/lWDHr9jE
https://cdn.modrinth.com/data/8oi3bsk5/34c751cc804839ed3c1d9f21dfd53d98368fedfc.png,Terralith,https://modrinth.com/mod/8oi3bsk5
https://cdn.modrinth.com/data/vSEH1ERy/189518fa90beded3665a7a09dff5726d5bdd9297.png,ThreadTweak,https://modrinth.com/mod/vSEH1ERy
https://cdn.modrinth.com/data/jxuxsA0D/icon.png,TieFix,https://modrinth.com/mod/jxuxsA0D
https://cdn.modrinth.com/data/wMkevcSR/cefe2f7923e57980cb27671c948ac3393e55a4e9.png,Tiny Item Animations,https://modrinth.com/mod/wMkevcSR
https://cdn.modrinth.com/data/FIxDGxJl/476a4ddc5516c923d487ebec75c81e59430ddb2c.png,Tip The Scales,https://modrinth.com/mod/FIxDGxJl
https://cdn.modrinth.com/data/AMCbgyVw/72004203af0b996cb8ea09c66231dc50e4a62f82.png,Tips,https://modrinth.com/mod/AMCbgyVw
https://cdn.modrinth.com/data/GGfDBa1i/icon.png,Title Fix,https://modrinth.com/mod/GGfDBa1i
https://cdn.modrinth.com/data/KPVN4aiJ/1861759b1e0905cb50e638d5df3cf922f581fb74.png,Too Many Players,https://modrinth.com/mod/KPVN4aiJ
https://cdn.modrinth.com/data/vuGFx44e/192346136bf85057e4602adade6eae5a324f7323.png,ToolStats,https://modrinth.com/mod/vuGFx44e
https://cdn.modrinth.com/data/2RKFTmiB/e2ebd2a3e0b5f30ed8d1084b79c568895a12f656.png,ToolTip Fix,https://modrinth.com/mod/2RKFTmiB
https://cdn.modrinth.com/data/4jBWaiuq/992363ad0d3bb9278a57c43df3e2857e950a2521.png,Tooltip Rareness,https://modrinth.com/mod/4jBWaiuq
https://cdn.modrinth.com/data/zp4jb9oQ/icon.png,Transparent,https://modrinth.com/mod/zp4jb9oQ
https://cdn.modrinth.com/data/JtifUr64/5f218490f1edb9c55fd18e05f52247727117b93f.png,Traveler's Titles,https://modrinth.com/mod/JtifUr64
https://cdn.modrinth.com/data/5aaWibi9/icon.png,Trinkets,https://modrinth.com/mod/5aaWibi9
https://cdn.modrinth.com/data/MCnBYP0b/19e79e0859e608cdb1cba8052da133bf68a3e803.png,True Ending: Ender Dragon Overhaul,https://modrinth.com/mod/MCnBYP0b
https://media.forgecdn.net/avatars/108/684/636374315485450120.png,U Team Core,https://www.curseforge.com/projects/273744
https://cdn.modrinth.com/data/5HUqEye3/534e580d00c8844119e834d48642a0c5115bd0ee.png,VanillaIcecreamFix,https://modrinth.com/mod/5HUqEye3
https://cdn.modrinth.com/data/wnEe9KBa/icon.png,Very Many Players,https://modrinth.com/mod/wnEe9KBa
https://cdn.modrinth.com/data/LVTZtqlk/d025fc0d2bf3676c6a972f6b2aa4960d8db0a8ce.png,Video Tape,https://modrinth.com/mod/LVTZtqlk
https://media.forgecdn.net/avatars/310/907/637400461987094587.png,Villager Names,https://www.curseforge.com/projects/416379
https://cdn.modrinth.com/data/rI0hvYcd/5c866549318e907bbfe0d525afe43cb17a36a481.png,Visuality,https://modrinth.com/mod/rI0hvYcd
https://cdn.modrinth.com/data/1E2sq1cp/a7448d74edaab6765df36604082ecaaeb4f44615.png,VTDownloader,https://modrinth.com/mod/1E2sq1cp
https://cdn.modrinth.com//data/JV1NYdVY/icon.png,Where Is My Stuff,https://modrinth.com/mod/JV1NYdVY
https://cdn.modrinth.com/data/cpNpM0go/icon.png,WorldGen,https://modrinth.com/mod/cpNpM0go
https://cdn.modrinth.com/data/1bokaNcj/80eb00784e250b99fb1789da35869387d14d5637.png,Xaero's Minimap,https://modrinth.com/mod/1bokaNcj
https://cdn.modrinth.com/data/NcUtCpym/80eb00784e250b99fb1789da35869387d14d5637.png,Xaero's World Map,https://modrinth.com/mod/NcUtCpym
https://cdn.modrinth.com/data/EnPUzSTg/c453625906db5a4a6d5fecf2f50443a409e2066e.jpeg,XaeroPlus,https://modrinth.com/mod/EnPUzSTg
https://cdn.modrinth.com/data/T6oqPfxF/d5d1b07360e3bc4c7a57e9d92a9dfbd72ea8281e.jpeg,XaeroZoomout,https://modrinth.com/mod/T6oqPfxF
https://cdn.modrinth.com/data/qi1sj2da/icon.png,YDM's Weapon Master,https://modrinth.com/mod/qi1sj2da
https://cdn.modrinth.com/data/1eAoo2KR/1e43d5714f87ac6b20622e73b3ba7209be5ebafb.png,YetAnotherConfigLib,https://modrinth.com/mod/1eAoo2KR
https://cdn.modrinth.com/data/WwbubTsV/icon.png,YOSBR,https://modrinth.com/mod/WwbubTsV
https://cdn.modrinth.com/data/Ua7DFN59/38049bae08310ffed43435f717e309b15ec6f29d.png,YUNG's API,https://modrinth.com/mod/Ua7DFN59
https://cdn.modrinth.com/data/XNlO7sBv/7c28d323155163f64343670e6553b85e681d7796.png,YUNG's Better Desert Temples,https://modrinth.com/mod/XNlO7sBv
https://cdn.modrinth.com/data/o1C1Dkj5/1f4ac6d7203008cedc2dc998ff1ad6df48732e38.png,YUNG's Better Dungeons,https://modrinth.com/mod/o1C1Dkj5
https://cdn.modrinth.com/data/2BwBOmBQ/e4f0f8d1668eda0f22a87d8771bba8344ebfc4b9.png,YUNG's Better End Island,https://modrinth.com/mod/2BwBOmBQ
https://cdn.modrinth.com/data/z9Ve58Ih/4a410457d1eca88ad1d4a2c4e7672fc3014056e4.png,YUNG's Better Jungle Temples,https://modrinth.com/mod/z9Ve58Ih
https://cdn.modrinth.com/data/HjmxVlSr/947b35bc08547e1b16cd51e6fc1c621852ea30c9.png,YUNG's Better Mineshafts,https://modrinth.com/mod/HjmxVlSr
https://cdn.modrinth.com/data/Z2mXHnxP/c89b02a675b204bfbe1d7e494769e425355e23f9.png,YUNG's Better Nether Fortresses,https://modrinth.com/mod/Z2mXHnxP
https://cdn.modrinth.com/data/3dT9sgt4/d8c15602c866a1cdddb10caec83e57f8ca33e146.png,YUNG's Better Ocean Monuments,https://modrinth.com/mod/3dT9sgt4
https://cdn.modrinth.com/data/kidLKymU/c3c33be1c8b83ae8f69ba76cf0974cefcc620c47.png,YUNG's Better Strongholds,https://modrinth.com/mod/kidLKymU
https://cdn.modrinth.com/data/t5FRdP87/11a2ef27da06199842c8c10b3e3dc5e15fefd8a5.png,YUNG's Better Witch Huts,https://modrinth.com/mod/t5FRdP87
https://cdn.modrinth.com/data/Ht4BfYp6/1d55ae5220d5e8a3bd9224ce100c21492f43abb0.png,YUNG's Bridges,https://modrinth.com/mod/Ht4BfYp6
https://cdn.modrinth.com/data/ZYgyPyfq/709b076c9de735145c95fb44c5239ff794ffac17.png,YUNG's Extras,https://modrinth.com/mod/ZYgyPyfq
https://cdn.modrinth.com/data/w7ThoJFB/25d48c335340c12566044c8f35df5102e72dc06c.png,Zoomify,https://modrinth.com/mod/w7ThoJFB
https://cdn.modrinth.com/data/YuU6R8aK/ad8cc1583cb68db2491409c69970d147288f863b.png,Remember LAN Port,https://modrinth.com/mod/remember-lan-port
https://cdn.modrinth.com/data/Wx8hDV5V/a9e703edcd6ab486818247e2cd3b6e65c779735a.png,Better Pie Chart,https://modrinth.com/mod/better-pie-chart
https://cdn.modrinth.com/data/6DpItqEj/518571622de602bda6222766dfa7ecf88b22404a.png,Continue Button,https://modrinth.com/mod/continue
https://cdn.modrinth.com/data/XVnUIUAQ/a7199b1cb68e19381b23f823ac1d3719d3b23525.png,Snow Under Trees,https://modrinth.com/mod/snow-under-trees-remastered
https://cdn.modrinth.com/data/TyTPFOiF/5fc333cccf890479ff64bb8adc3ba38f1fadd055.png,Seamless Loading Screen ,https://modrinth.com/mod/seamless-loading-screen
https://cdn.modrinth.com/data/ZouiUX7t/07afc9a966a6fec4f39fb3ceb3a9b42abb668b4a.png,Sounds,https://modrinth.com/mod/sound
https://cdn.modrinth.com/data/nLlXyNIc/cf3e25011a84947d5f079dbfd617740865ca1b17.png,Let Sleeping Dogs Lie,https://modrinth.com/mod/let-sleeping-dogs-lie
https://cdn.modrinth.com/data/FOIvwGKz/e5127393a37cda843c5354c68980b250077eacf5.png,Sounds Be Gone!,https://modrinth.com/mod/soundsbegone
https://cdn.modrinth.com/data/PC3Nu9ft/f12c8a3e05ffc0b2e7a4e183ade2050805ee08d5.png,Bee Dance,https://modrinth.com/mod/bee-dance
https://cdn.modrinth.com/data/XTzhksrl/ba5d627d1254b45084aef26d153016d308800621.png,WayGL,https://modrinth.com/mod/waygl
https://cdn.modrinth.com/data/ODkrKaq7/3565b492042ab4953949ff244e55a7097a5c73a5.png,Stonecutter GUI Remastered,https://modrinth.com/mod/stonecutter-gui-remastered
https://raw.githubusercontent.com/modrinth/knossos/5ea71da1814b1c917e1238630408eca2f1d191e4/assets/images/logo.svg,ServerAddressSpaceFix,https://modrinth.com/mod/serveraddressspacefix
https://cdn.modrinth.com/data/RfFxanNh/8120213a80a59454796587ed1aff0fa34741641b.png,Faster Random,https://modrinth.com/mod/faster-random
https://cdn.modrinth.com/data/gxpkKtVH/icon.png,Blanket,https://modrinth.com/mod/blanket
https://cdn.modrinth.com/data/IlGAhsOM/e9fbd53fb91fbcbd6d6aeb0ad2481c74c2ce5a2c.png,Particle Tweaks,https://modrinth.com/mod/particle-tweaks
https://cdn.modrinth.com/data/aVja52oo/icon.png,Particle Blocker,https://modrinth.com/mod/particles
https://cdn.modrinth.com/data/pcPXJeZi/e08c4dd358a06dc90619e3b8d96883e86c950211.png,Effective,https://modrinth.com/mod/effective
https://cdn.modrinth.com/data/M08ruV16/icon.png,Bobby,https://modrinth.com/mod/bobby
https://cdn.modrinth.com/data/qwvI41y9/d43aa4806e99283b3bcee05005f7cdc86b63e59e.png,Sparse Structures,https://modrinth.com/mod/sparsestructures
https://cdn.modrinth.com/data/FGlHZl7X/e97cc6b20ddc0411f23ce5ac243475a594c1e755.png,The Lost Castle,https://modrinth.com/mod/the-lost-castle
https://cdn.modrinth.com/data/EIT1cuHa/2f8a5303b3c04c3c021858f200925e2a71f4045c.png,Not Just Biomes,https://modrinth.com/mod/not-just-biomes
https://cdn.modrinth.com/data/r4PuRGfV/aa76123d14a0a6aa373aaed689e5b400a50e8f48.png,MES - Moog's End Structures,https://modrinth.com/mod/mes-moogs-end-structures
https://cdn.modrinth.com/data/nGUXvjTa/7a44ac2298a58d2fbe717b128f89b2019b1b8898.png,MNS - Moog's Nether Structures,https://modrinth.com/mod/mns-moogs-nether-structures
https://cdn.modrinth.com/data/OQAgZMH1/5c6c979b306869d96441ffaa686c1d611a209f75.png,MVS - Moog's Voyager Structures,https://modrinth.com/mod/moogs-voyager-structures
https://cdn.modrinth.com/data/RGH5gtzF/bef64ba4579980ed7530600e7501e32de59c2d21.png,Custom Window Title,https://modrinth.com/mod/custom-window-title
https://cdn.modrinth.com/data/8zYE8DiW/icon.png,Title Fixer,https://modrinth.com/mod/title-fixer
https://cdn.modrinth.com/data/7RvRWn6p/c275e4f9b776bc1d78eea564907959dcf43a8fa9.png,Icterine,https://modrinth.com/mod/icterine
https://cdn.modrinth.com/data/z3TzcquW/f17fdaa6d9f22c3a6f0808c92793165c3a231cd4.png,Fast Paintings,https://modrinth.com/mod/fast-paintings
